Total Population,Female Population,Male Population,Birth Rate,Death Rate,Compulsory Education Dur.,Employment in Industry(%),Employment in Agriculture(%),Female Employment in Agriculture(%),Female Employment in Industry(%),Unemployment(%),GDP in USD,National Income per Capita,Net income from Abroad,Agriculture value added(in USD),Electric Power Consumption(kWH per capita),Renewable Energy Consumption (%),Fossil Fuel Consumption (%),Year,Country,ID
326838199,164926348,161911851,11.6,8.678,12,19.87000084,1.370000005,0.75999999,8.779999733,3.900000095,2.05E+13,1.833049714,2.90E+11,1.86E+11,10318.04167,10.12,89.28966179,2018,USA,1
325122128,164151818,160970309,11.8,8.638,12,19.72999954,1.429999948,0.75,8.710000038,4.360000134,1.95E+13,2.135013913,2.93E+11,1.84E+11,10318.04167,9.92,89.28966179,2017,USA,2
323071755,163224028,159847727,12.2,8.493,12,19.78000069,1.429999948,0.769999981,8.710000038,4.869999886,1.87E+13,-0.111701136,2.32E+11,1.76E+11,10318.04167,9.46,89.28966179,2016,USA,3
320738994,162158414,158580581,12.4,8.44,12,19.86000061,1.440000057,0.75999999,8.829999924,5.28000021,1.82E+13,3.21435124,2.20E+11,1.88E+11,10318.04167,9.03,82.42782825,2015,USA,4
318386329,161084758,157301571,12.5,8.237,12,19.97999954,1.350000024,0.699999988,8.859999657,6.170000076,1.76E+13,2.182302146,2.35E+11,2.06E+11,12993.96558,9.22,83.08904242,2014,USA,5
316059947,160034189,156025758,12.4,8.215,12,19.95000076,1.320000052,0.670000017,8.819999695,7.369999886,1.68E+13,0.577814878,2.30E+11,2.23E+11,13004.02357,9.08,82.94050969,2013,USA,6
313877662,159064447,154813215,12.6,8.102,12,19.73999977,1.379999995,0.75999999,8.75,8.069999695,1.63E+13,2.841030343,2.33E+11,1.87E+11,12964.18794,8.73,83.43717762,2012,USA,7
311583481,158043988,153539494,12.7,8.073,12,19.70999908,1.450000048,0.769999981,8.720000267,8.949999809,1.56E+13,1.447534277,2.38E+11,1.87E+11,13245.88193,8.36,83.71405277,2011,USA,8
309327143,156968302,152358841,13,7.995,12,19.63999939,1.419999957,0.74000001,8.460000038,9.630000114,1.50E+13,3.876570077,2.06E+11,1.55E+11,13394.90276,7.44,84.15058807,2010,USA,9
306771529,155660194,151111335,13.5,7.9,12,20,1.350000024,0.680000007,8.659999847,9.25,1.45E+13,-2.049225192,1.50E+11,1.39E+11,12913.71469,7.35,84.15425372,2009,USA,10
304093966,154289840,149804127,14,8.1,12,21.45999908,1.340000033,0.689999998,9.600000381,5.78000021,1.48E+13,-4.039319727,1.45E+11,1.56E+11,13663.42797,6.85,84.96822169,2008,USA,11
301231207,152829130,148402076,14.3,8,12,22.13999939,1.289999962,0.649999976,10.06000042,4.619999886,1.45E+13,-0.539327975,95664000000,1.56E+11,13657.45283,6.3,85.61470518,2007,USA,12
298379912,151383683,146996229,14.3,8.1,12,22.35000038,1.389999986,0.74000001,10.05000019,4.619999886,1.38E+13,2.492191128,46460000000,1.39E+11,13583.26696,6.4,85.62647253,2006,USA,13
295516599,149946323,145570277,14,8.3,12,22.26000023,1.409999967,0.75,10.25,5.079999924,1.30E+13,2.508672596,74800000000,1.50E+11,13704.57705,5.84,86.01853539,2005,USA,14
292805298,148594732,144210567,14,8.2,12,22.38999939,1.470000029,0.779999971,10.44999981,5.53000021,1.22E+13,2.977066146,76713000000,1.55E+11,13388.58971,5.48,86.12431287,2004,USA,15
290107933,147242226,142865707,14.1,8.4,12,22.45000076,1.5,0.810000002,10.76000023,5.989999771,1.15E+13,0.223322899,58496000000,1.28E+11,13307.49201,5.33,86.27838541,2003,USA,16
287625193,145972802,141652391,14,8.5,12,22.75,1.539999962,0.839999974,10.96000004,5.78000021,1.09E+13,1.704822608,45794000000,1.06E+11,13296.1823,4.84,86.24908436,2002,USA,17
284968955,144625822,140343133,14.1,8.5,12,23.73999977,1.529999971,0.829999983,11.89000034,4.730000019,1.06E+13,-0.211133667,50364000000,1.19E+11,13046.61415,4.68,86.34598091,2001,USA,18
282162411,143251716,138910694,14.4,8.5,12,24.44000053,1.629999995,0.860000014,12.71000004,3.99000001,1.03E+13,2.856487952,38481000000,1.18E+11,13671.05202,5.43,85.88083054,2000,USA,19
279040000,141757600,137282400,14.2,8.6,12,24.69000053,1.679999948,0.899999976,13.02000046,4.21999979,9.63E+12,2.897229033,30904000000,1.11E+11,13281.86998,5.709726593,85.78460105,1999,USA,20
275854000,140236332,135617667,14.3,8.6,12,24.92000008,1.720000029,0.920000017,13.31999969,4.510000229,9.06E+12,4.736553526,17411000000,1.10E+11,13154.76303,4.53429689,86.08659433,1998,USA,21
272657000,138687394,133969607,14.2,8.7,12,25.12999916,1.75999999,0.949999988,13.60000038,5,8.58E+12,4.162350663,23300000000,1.15E+11,12889.83228,4.514260299,86.45649442,1997,USA,22
269394000,137090110,132303891,14.4,8.8,12,25.30999947,1.799999952,0.970000029,13.81000042,5.449999809,8.07E+12,3.277919318,30869000000,1.54E+11,12854.29891,4.763930451,85.51006132,1996,USA,23
266278000,135565598,130712402,14.6,8.8,12,25.48999977,1.830000043,0.99000001,14.02000046,5.650000095,7.64E+12,2.293822109,27952000000,1.54E+11,12659.60763,4.726554335,85.46933598,1995,USA,24
263126000,134022320,129103679,15,8.8,12,25.63999939,1.860000014,1.00999999,14.19999981,6.119999886,7.29E+12,3.331105275,22966000000,1.54E+11,12455.16217,4.088641398,85.91212906,1994,USA,25
259919000,132446165,127472835,15.4,8.8,12,25.70999908,1.889999986,1.019999981,14.26000023,6.900000095,6.86E+12,0.693391457,31158000000,1.54E+11,12261.52378,4.281528407,86.11796479,1993,USA,26
256514000,130776318,125737682,15.8,8.5,12,25.82999992,1.909999967,1.039999962,14.39999962,7.5,6.52E+12,2.019930591,31077000000,1.54E+11,12014.95825,4.763083108,85.57482233,1992,USA,27
252981000,129055067,123925933,16.2,8.6,12,25.95999908,1.929999948,1.049999952,14.52000046,6.800000191,6.16E+12,-0.89332935,31586000000,1.54E+11,12134.17213,4.507919594,85.69473785,1991,USA,28
249623000,127417991,122205009,16.7,8.6,12,22.53285701,1.55071428,0.82714285,11.04214294,5.932857147,5.96E+12,0.045254425,34692000000,1.54E+11,11713.3317,4.175462186,86.43783832,1990,USA,29
246819000,126057113,120761887,16.4,8.8,12,22.53285701,1.55071428,0.82714285,11.04214294,5.932857147,5.64E+12,1.093782095,24790000000,1.54E+11,11531.93231,6.411220802,87.09328724,1989,USA,30
244499000,124936886,119562114,16,8.9,12,22.53285701,1.55071428,0.82714285,11.04214294,5.932857147,5.24E+12,5.081337921,22657000000,1.54E+11,11298.33251,6.411220802,87.07723872,1988,USA,31
242289000,123858168,118430832,15.7,8.6,12,22.53285701,1.55071428,0.82714285,11.04214294,5.932857147,4.86E+12,2.72987874,17488000000,1.54E+11,10886.85826,6.411220802,87.37781446,1987,USA,32
240133000,122805500,117327500,15.6,8.7,12,22.53285701,1.55071428,0.82714285,11.04214294,5.932857147,4.58E+12,2.53941019,16957000000,1.54E+11,10424.4273,6.411220802,87.65663266,1986,USA,33
237924000,121730704,116193296,15.8,8.7,12,22.53285701,1.55071428,0.82714285,11.04214294,5.932857147,4.34E+12,3.298112179,25365000000,1.54E+11,10414.2079,6.411220802,88.30166868,1985,USA,34
235825000,120706435,115118565,15.6,8.7,12,22.53285701,1.55071428,0.82714285,11.04214294,5.932857147,4.04E+12,7.257574491,36290000000,1.54E+11,10282.37464,6.411220802,88.90104144,1984,USA,35
233792000,119709735,114082266,15.6,8.6,12,22.53285701,1.55071428,0.82714285,11.04214294,5.932857147,3.63E+12,1.866334192,37085000000,1.54E+11,9742.005714,6.411220802,89.45506708,1983,USA,36
231664000,118652429,113011571,15.9,8.5,12,22.53285701,1.55071428,0.82714285,11.04214294,5.932857147,3.34E+12,0.518473853,36510000000,1.54E+11,9544.460943,6.411220802,90.0431205,1982,USA,37
229466000,117543211,111922789,15.8,8.6,12,22.53285701,1.55071428,0.82714285,11.04214294,5.932857147,3.21E+12,2.908428164,32935000000,1.54E+11,9976.693715,6.411220802,90.83194655,1981,USA,38
227225000,116393393,110831607,15.9,8.8,12,22.53285701,1.55071428,0.82714285,11.04214294,5.932857147,2.86E+12,-2.905295493,34185000000,1.54E+11,9862.365497,6.411220802,91.42607196,1980,USA,39
225055000,115257744,109797256,15.6,8.5,12,22.53285701,1.55071428,0.82714285,11.04214294,5.932857147,2.63E+12,-1.94452549,31931000000,1.54E+11,9700.695386,6.411220802,91.80292616,1979,USA,40
222585000,113947226,108637773,15,8.7,12,22.53285701,1.55071428,0.82714285,11.04214294,5.932857147,2.35E+12,4.170619595,21581000000,1.54E+11,9560.54541,6.411220802,91.74380612,1978,USA,41
220239000,112685891,107553110,15.1,8.6,12,22.53285701,1.55071428,0.82714285,11.04214294,5.932857147,2.08E+12,2.805463156,20292000000,1.54E+11,9337.724018,6.411220802,92.42230273,1977,USA,42
218035000,111502991,106532009,14.6,8.8,12,22.53285701,1.55071428,0.82714285,11.04214294,5.932857147,1.87E+12,4.324110914,16847000000,1.54E+11,8968.775655,6.411220802,93.00561548,1976,USA,43
215973000,110396918,105576082,14.6,8.8,12,22.53285701,1.55071428,0.82714285,11.04214294,5.932857147,1.68E+12,-1.29295712,13004000000,1.54E+11,8522.394003,6.411220802,93.09795311,1975,USA,44
213854000,109264328,104589672,14.8,9.1,12,22.53285701,1.55071428,0.82714285,11.04214294,5.932857147,1.55E+12,-5.22342059,15520000000,1.54E+11,8449.928456,6.411220802,94.15645425,1974,USA,45
211909000,108229211,103679790,14.8,9.3,12,22.53285701,1.55071428,0.82714285,11.04214294,5.932857147,1.43E+12,4.348859305,12619000000,1.54E+11,8573.194154,6.411220802,94.97718869,1973,USA,46
209896000,107184351,102711649,15.6,9.4,12,22.53285701,1.55071428,0.82714285,11.04214294,5.932857147,1.28E+12,4.611828913,8558000000,1.54E+11,8076.409269,6.411220802,95.36675779,1972,USA,47
207661000,106066233,101594767,17.2,9.3,12,22.53285701,1.55071428,0.82714285,11.04214294,5.932857147,1.16E+12,1.562887016,7594000000,1.54E+11,7517.304646,6.411220802,95.64380715,1971,USA,48
205052000,104782012,100269988,18.4,9.5,12,22.53285701,1.55071428,0.82714285,11.04214294,5.932857147,1.07E+12,1.754888569,6393000000,1.54E+11,7236.657043,6.411220802,95.91877125,1970,USA,49
202677000,103581968,99095032,17.9,9.5,12,22.53285701,1.55071428,0.82714285,11.04214294,5.932857147,1.02E+12,1.754888569,75105591837,1.54E+11,6904.8338,6.411220802,95.85867464,1969,USA,50
200706000,102498871,98207130,17.6,9.8,12,22.53285701,1.55071428,0.82714285,11.04214294,5.932857147,9.43E+11,1.754888569,75105591837,1.54E+11,6385.459329,6.411220802,95.92261327,1968,USA,51
198712000,101301297,97410703,17.8,9.4,12,22.53285701,1.55071428,0.82714285,11.04214294,5.932857147,8.62E+11,1.754888569,75105591837,1.54E+11,5888.340915,6.411220802,95.98216824,1967,USA,52
196560000,99955595,96604406,18.4,9.5,12,22.53285701,1.55071428,0.82714285,11.04214294,5.932857147,8.15E+11,1.754888569,75105591837,1.54E+11,5590.33374,6.411220802,95.96449026,1966,USA,53
194303000,98580141,95722859,19.4,9.4,12,22.53285701,1.55071428,0.82714285,11.04214294,5.932857147,7.44E+11,1.754888569,75105591837,1.54E+11,5234.685002,6.411220802,95.86016158,1965,USA,54
191889000,97205992,94683009,21.1,9.4,12,22.53285701,1.55071428,0.82714285,11.04214294,5.932857147,6.86E+11,1.754888569,75105591837,1.54E+11,4970.446456,6.411220802,95.80162112,1964,USA,55
189242000,95764478,93477522,21.7,9.6,12,22.53285701,1.55071428,0.82714285,11.04214294,5.932857147,6.39E+11,1.754888569,75105591837,1.54E+11,4690.486256,6.411220802,95.76931559,1963,USA,56
186538000,94293802,92244198,22.4,9.5,12,22.53285701,1.55071428,0.82714285,11.04214294,5.932857147,6.05E+11,1.754888569,75105591837,1.54E+11,4433.606021,6.411220802,95.60551397,1962,USA,57
183691000,92747662,90943338,23.3,9.3,12,22.53285701,1.55071428,0.82714285,11.04214294,5.932857147,5.63E+11,1.754888569,75105591837,1.54E+11,4182.175501,6.411220802,95.5667993,1961,USA,58
180671000,91128169,89542830,23.7,9.5,12,22.53285701,1.55071428,0.82714285,11.04214294,5.932857147,5.43E+11,1.754888569,75105591837,1.54E+11,4049.786629,6.411220802,95.52566955,1960,USA,59
,661854076,707149230,17.651,6.644,8,24.95000076,43.33000183,55.52999878,17.28000069,7.650000095,2.70E+12,4.695242383,-28935365554,4.33E+11,334.2488548,32.82,54.65607433,2018,India,60
,654607791,699587889,17.911,6.593,8,24.86000061,43.93000031,56.34999847,17.52000046,7.732999802,2.65E+12,7.152740177,-28673171869,4.39E+11,334.2488548,32.41,54.65607433,2017,India,61
,647012921,691623419,18.514,6.603,8,24.73999977,44.56000137,57.15000153,17.73999977,7.842000008,2.29E+12,6.265537623,-46857856463,3.76E+11,334.2488548,33.02,54.65607433,2016,India,62
,639323292,683543213,18.765,6.67,8,24.54000092,45.25999832,57.93000031,17.95000076,7.914999962,2.10E+12,7.580204425,-24405488070,3.40E+11,334.2488548,33.4,54.65607433,2015,India,63
,631697152,675549357,19.049,6.79,8,24.45000076,45.88999939,58.66999817,18.17000008,7.980999947,2.04E+12,5.694789957,-24112069638,3.42E+11,797.349232,33.85,73.57697909,2014,India,64
,623809180,667322883,19.935,6.96,8,24.37000084,46.5,59.36000061,18.43000031,8.036999702,1.86E+12,4.380128703,-23120564442,3.18E+11,758.1106752,34.85,72.28545864,2013,India,65
,615647779,658839435,20.421,7.118,8,24.36000061,47,59.95999908,18.77000046,8.095000267,1.83E+12,4.706696886,-21460196916,3.08E+11,718.2959462,34.75,72.41907946,2012,India,66
,607376801,650244390,20.945,7.267,8,23.10000038,49.25999832,63.56000137,17.12000084,8.168000221,1.82E+12,3.190149676,-16031217721,3.13E+11,692.779357,35.01,71.4717185,2011,India,67
,599047591,641566029,21.438,7.385,8,21.80999947,51.52000046,66.98000336,15.52999973,8.319000244,1.68E+12,8.520892414,-17955015342,2.85E+11,637.1258442,36.16,71.40469516,2010,India,68
,590747758,632892402,21.934,7.479,8,21.09000015,52.5,67.93000031,15.02999973,8.383999825,1.34E+12,9.387324728,-8009493357,2.25E+11,595.6056558,37.41,71.14349792,2009,India,69
,582492785,624242020,22.276,7.558,8,20.42000008,53.50999832,68.81999969,14.59000015,8.354000092,1.20E+12,0.26986482,-7158169832,2.01E+11,558.4267535,39.37,69.00512159,2008,India,70
,574185530,615506279,22.713,7.642,8,20.09000015,54.11000061,69.58000183,14.32999992,8.536000252,1.22E+12,6.667020556,-5094794676,2.04E+11,538.7865959,41.53,67.88343297,2007,India,71
,565762395,606611392,23.22,7.743,8,19.42000008,55.08000183,70.33999634,13.98999977,8.625,9.40E+11,6.065397472,-7344611543,1.58E+11,506.2225086,43.16,66.80567371,2006,India,72
,557161047,597477666,23.94,7.876,8,18.79999924,56,71.05000305,13.64999962,8.699999809,8.20E+11,6.686875113,-5898774891,1.45E+11,465.1766773,44.16,65.98980361,2005,India,73
,548274218,587990365,24.728,8.04,8,18.26000023,56.77999878,71.76000214,13.21000004,8.531000137,7.09E+11,8.49687689,-4979769339,1.26E+11,448.9720155,44.92,65.58374371,2004,India,74
,539178882,578236241,25.375,8.188,8,17.5,57.75999832,72.51999664,12.69999981,8.359999657,6.08E+11,7.767556471,-4506392470,1.19E+11,428.2132845,45.63,64.51923944,2003,India,75
,529978166,568334873,26.082,8.363,8,16.92000008,58.59999847,73.19000244,12.26000023,8.102000237,5.15E+11,3.103021866,-3447912556,1.01E+11,408.7769006,45.75,64.32920579,2002,India,76
,520679574,558291332,26.728,8.558,8,16.62999916,59.09999847,73.80000305,11.94999981,7.956999779,4.85E+11,-0.764543252,-4207692437,1.05E+11,392.3609036,47.11,63.64796634,2001,India,77
,511410095,548223581,27.001,8.701,8,16.31999969,59.65000153,74.38999939,11.64999962,7.769999981,4.68E+11,3.602307044,-4975977061,1.01E+11,392.5101757,46.88,63.72739451,2000,India,78
,502255693,538244360,27.26,8.875,8,16.18000031,60.09000015,74.61000061,11.63000011,7.709000111,4.59E+11,0.649858793,-3560928781,1.05E+11,391.1196337,51.7172937,63.46040016,1999,India,79
,493147162,528287413,27.784,9.05,8,15.89000034,60.72000122,74.79000092,11.59000015,7.486999989,4.21E+11,5.241396284,-3558539496,1.02E+11,385.1269668,52.71225571,62.01581767,1998,India,80
,484031612,518303618,28.274,9.229,8,15.77000046,61.11999893,74.98000336,11.61999989,7.278999805,4.16E+11,1.275731864,-3553714782,1.01E+11,374.9474116,52.4880731,61.77329025,1997,India,81
,474932057,508349160,28.786,9.419,8,15.77000046,61.34999847,75.15000153,11.68999958,7.181000233,3.93E+11,10.22487777,-3684987381,99007331221,359.4810859,53.7674097,60.8251558,1996,India,82
,465846665,498432465,29.361,9.612,8,15.60000038,61.75999832,75.30000305,11.68999958,7.013999939,3.60E+11,2.689069513,-4029621483,88116130762,358.6295603,54.484117,59.98794193,1995,India,83
,456726553,488535405,29.841,9.807,8,15.43000031,62.18000031,75.45999908,11.64999962,6.829999924,3.27E+11,3.606748262,-4166865726,86793280450,341.3540525,55.55718746,58.01455003,1994,India,84
,447615320,478735976,30.285,10.021,8,15.27000046,62.65999985,75.72000122,11.59000015,6.797999859,2.79E+11,7.437916492,-3851512707,75562306674,320.9149714,56.98336334,56.95683361,1993,India,85
,438527953,469046096,30.914,10.23,8,15.23999977,62.99000168,75.95999908,11.60000038,6.815000057,2.88E+11,1.934276697,-4409097621,77519189362,305.0131285,57.23056748,56.07028245,1992,India,86
,429478264,459463492,31.423,10.455,8,15.18000031,63.31999969,76.16999817,11.59000015,6.736999989,2.70E+11,-2.96977777,-4109941024,74718445021,291.6625282,57.60479334,55.0634924,1991,India,87
,420468106,449984059,31.816,10.691,8,19.39142878,54.87607125,68.8217862,14.16142862,7.818178569,3.21E+11,5.515373597,-4203693902,88541705380,272.9466472,58.65285835,53.76395973,1990,India,88
,411461378,440551295,32.549,10.956,8,19.39142878,54.87607125,68.8217862,14.16142862,7.818178569,2.96E+11,4.38955707,-3439480507,82417024628,258.0419364,44.59958342,52.81420226,1989,India,89
,402535292,431194389,33.166,11.236,8,19.39142878,54.87607125,68.8217862,14.16142862,7.818178569,2.97E+11,5.963609943,-3105680162,85328126975,241.1021277,44.59958342,51.24904856,1988,India,90
,393755601,421960524,33.681,11.522,8,19.39142878,54.87607125,68.8217862,14.16142862,7.818178569,2.79E+11,4.298219127,-2019508810,78052330009,221.291445,44.59958342,49.68344915,1987,India,91
,385067312,412811682,34.483,11.82,8,19.39142878,54.87607125,68.8217862,14.16142862,7.818178569,2.49E+11,2.219279907,-1411645094,71312442744,209.0442303,44.59958342,48.25300177,1986,India,92
,376475662,403766421,34.602,12.102,8,19.39142878,54.87607125,68.8217862,14.16142862,7.818178569,2.33E+11,0.288581722,-1167731708,69098201552,194.5562834,44.59958342,47.22557302,1985,India,93
,368029660,394865497,35.094,12.412,8,19.39142878,54.87607125,68.8217862,14.16142862,7.818178569,2.12E+11,-0.427038265,-1197967493,66576379194,184.2481223,44.59958342,45.17457373,1984,India,94
,359724278,386102269,35.3,12.72,8,19.39142878,54.87607125,68.8217862,14.16142862,7.818178569,2.18E+11,9.070177794,-915429447,71167764303,166.4877721,44.59958342,43.85183637,1983,India,95
,351626946,377542519,35.605,13.044,8,19.39142878,54.87607125,68.8217862,14.16142862,7.818178569,2.01E+11,-0.645683117,-658475535.7,64884682624,158.7655619,44.59958342,43.0251332,1982,India,96
,343719452,369149846,36.024,13.37,8,19.39142878,54.87607125,68.8217862,14.16142862,7.818178569,1.93E+11,-4.764613217,44795842.95,64427917862,152.4150364,44.59958342,41.41914116,1981,India,97
,335953058,360875327,36.214,13.676,8,19.39142878,54.87607125,68.8217862,14.16142862,7.818178569,1.86E+11,9.474877114,437107237,64112441680,142.1397322,44.59958342,39.38335072,1980,India,98
,328422054,352826329,36.252,13.965,8,19.39142878,54.87607125,68.8217862,14.16142862,7.818178569,1.53E+11,-6.399024279,189440840,50220321244,136.0898643,44.59958342,38.70258161,1979,India,99
,321198151,345069608,36.383,14.288,8,19.39142878,54.87607125,68.8217862,14.16142862,7.818178569,1.37E+11,4.596530205,-190100168.2,47058252018,136.1689781,44.59958342,37.21770194,1978,India,100
,314189303,337496325,36.89,14.662,8,19.39142878,54.87607125,68.8217862,14.16142862,7.818178569,1.21E+11,4.046836719,-272116788.3,43464694625,126.3968338,44.59958342,38.22397866,1977,India,101
,307373867,330077580,37.665,15.009,8,19.39142878,54.87607125,68.8217862,14.16142862,7.818178569,1.03E+11,5.094118513,-260675967.5,35244351181,124.1584755,44.59958342,37.85033548,1976,India,102
,300723268,322800952,37.937,15.381,8,19.39142878,54.87607125,68.8217862,14.16142862,7.818178569,98472796457,4.797099611,-294681859.2,35447168682,114.4815194,44.59958342,36.9354604,1975,India,103
,294137889,315584063,38.629,15.786,8,19.39142878,54.87607125,68.8217862,14.16142862,7.818178569,99525899116,-9.397654685,-364862831.6,38693737483,103.8358548,44.59958342,36.46745679,1974,India,104
,287642024,308465459,38.962,16.27,8,19.39142878,54.87607125,68.8217862,14.16142862,7.818178569,85515269585,5.16801577,-413328246.2,35577622782,100.4063893,44.59958342,35.31958299,1973,India,105
,281308597,301529376,39.173,16.643,8,19.39142878,54.87607125,68.8217862,14.16142862,7.818178569,71463193831,-2.450088151,-390655317.8,27603963751,100.0037793,44.59958342,35.22633466,1972,India,106
,275180236,294818942,39.43,16.938,8,19.39142878,54.87607125,68.8217862,14.16142862,7.818178569,67350988021,-0.818055504,-391044936.6,26019970674,97.40715802,44.59958342,35.11979343,1971,India,107
,269208897,288292405,39.533,17.228,8,19.39142878,54.87607125,68.8217862,14.16142862,7.818178569,62422483055,3.616214619,-378666666.7,25149777136,334.2488548,44.59958342,54.65607433,1970,India,108
,263380464,281934206,39.792,17.51,8,19.39142878,54.87607125,68.8217862,14.16142862,7.818178569,58447995017,3.616214619,-361333333.3,24305554064,334.2488548,44.59958342,54.65607433,1969,India,109
,257695427,275736482,40.207,17.778,8,19.39142878,54.87607125,68.8217862,14.16142862,7.818178569,53085455871,3.616214619,-340000000,22341559491,334.2488548,44.59958342,54.65607433,1968,India,110
,252216091,269770979,40.592,19.082,8,19.39142878,54.87607125,68.8217862,14.16142862,7.818178569,50134942204,3.616214619,-344000000,21433468907,334.2488548,44.59958342,54.65607433,1967,India,111
,246951009,264041608,40.918,19.342,8,19.39142878,54.87607125,68.8217862,14.16142862,7.818178569,45865462034,3.616214619,-328571428.6,18507471278,334.2488548,44.59958342,54.65607433,1966,India,112
,241740859,258373487,41.346,19.642,8,19.39142878,54.87607125,68.8217862,14.16142862,7.818178569,59554854576,3.616214619,-344393112.1,23455499175,334.2488548,44.59958342,54.65607433,1965,India,113
,236446379,252612930,41.721,18.761,8,19.39142878,54.87607125,68.8217862,14.16142862,7.818178569,56480289941,3.616214619,-304500304.5,23351051071,334.2488548,44.59958342,54.65607433,1964,India,114
,231120329,246813291,41.907,18.964,8,19.39142878,54.87607125,68.8217862,14.16142862,7.818178569,48421923459,3.616214619,-235200235.2,19284201307,334.2488548,44.59958342,54.65607433,1963,India,115
,225898332,241125862,42.101,19.205,8,19.39142878,54.87607125,68.8217862,14.16142862,7.818178569,42161481858,3.616214619,-226800226.8,16470791347,334.2488548,44.59958342,54.65607433,1962,India,116
,220791299,235560577,42.294,19.446,8,19.39142878,54.87607125,68.8217862,14.16142862,7.818178569,39232435784,3.616214619,-205800205.8,16121581691,334.2488548,44.59958342,54.65607433,1961,India,117
,215819000,230135579,42.506,19.633,8,19.39142878,54.87607125,68.8217862,14.16142862,7.818178569,37029883876,3.616214619,-151200151.2,15456767925,334.2488548,44.59958342,54.65607433,1960,India,118
1402760000,685468978,717291023,10.86,7.08,9,28.31999969,26.06999969,22.78000069,24.18000031,4.309999943,1.39E+13,3.516736301,-61028947257,9.79E+11,1080.455213,13.71,76.19176385,2018,China,119
1396215000,682006802,714208198,12.64,7.06,9,28.11000061,26.97999954,23.61000061,24.25,4.46999979,1.23E+13,6.19939434,-16130804618,9.19E+11,1080.455213,13.13,76.19176385,2017,China,120
1387790000,677689913,710100087,13.57,7.04,9,28.79999924,27.70000076,24.20000076,25.23999977,4.559999943,1.12E+13,7.591275284,-55700290899,9.05E+11,1080.455213,12.56,76.19176385,2016,China,121
1379860000,673690703,706169297,11.99,7.07,9,29.18000031,28.59000015,25.03000069,25.87999916,4.650000095,1.11E+13,6.351342018,-52782008188,9.28E+11,1080.455213,12.18,76.19176385,2015,China,122
1371860000,669700351,702159650,13.83,7.12,9,29.89999962,29.5,25.89999962,26.86000061,4.630000114,1.05E+13,7.981344527,13299595835,9.05E+11,3905.317598,11.94,87.67043077,2014,China,123
1363240000,665447390,697792609,13.03,7.13,9,30.10000038,31.39999962,27.87999916,27.31999969,4.599999905,9.57E+12,5.24888981,-77827211317,8.56E+11,3757.185088,11.45,88.23749257,2013,China,124
1354190000,661013974,693176026,14.57,7.13,9,30.29999924,33.59999847,30.21999931,27.76000023,4.579999924,8.53E+12,9.504233313,-19817589004,7.78E+11,3466.019539,11.53,88.41916221,2012,China,125
1345035000,656550787,688484213,13.27,7.14,9,29.5,34.79999924,31.42000008,27.18000031,4.550000191,7.55E+12,4.26439466,-70376627421,6.93E+11,3295.784868,11.34,88.89836293,2011,China,126
1337705000,652992671,684712330,11.9,7.11,9,28.70000076,36.70000076,33.36999893,26.62000084,4.53000021,6.09E+12,8.191977511,-26071897189,5.68E+11,2943.589954,12.26,88.25519867,2010,China,127
1331260000,649891191,681368810,11.95,7.08,9,27.79999924,38.09999847,34.68999863,25.98999977,4.71999979,5.10E+12,12.34091211,-8532080922,4.92E+11,2612.45662,13.43,87.63569469,2009,China,128
1324655000,646729218,677925783,12.14,7.06,9,27.20000076,39.59999847,36.09000015,25.70999908,4.590000153,4.59E+12,5.796241864,28565223681,4.67E+11,2446.369055,14.14,87.22405182,2008,China,129
1317885000,643486317,674398683,12.1,6.93,9,26.79999924,40.79999924,37.27999878,25.55999947,4.349999905,3.55E+12,14.59799788,8040661169,3.64E+11,2325.926769,14.88,87.40785733,2007,China,130
1311020000,640203444,670816557,12.09,6.81,9,25.20000076,42.59999847,39.06000137,24.13999939,4.429999828,2.75E+12,13.96917268,-5142352827,2.92E+11,2039.01466,16.39,86.82834222,2006,China,131
1303720000,636711861,667008138,12.4,6.51,9,23.79999924,44.79999924,41.20000076,22.95000076,4.519999981,2.29E+12,12.26447796,-16108690294,2.66E+11,1782.312153,17.44,85.872736,2005,China,132
1296075000,633047012,663027988,12.29,6.42,9,22.5,46.90000153,43.20999908,21.87000084,4.489999771,1.96E+12,10.22470412,-5131610464,2.53E+11,1585.838782,20.17,84.79645465,2004,China,133
1288400000,629369651,659030348,12.41,6.4,9,21.60000038,49.09999847,45.86000061,20.95000076,4.579999924,1.66E+12,10.86633635,-10218488498,2.05E+11,1379.484632,23.86,83.22975774,2003,China,134
1280400000,625534993,654865007,12.86,6.41,9,21.39999962,50.00999832,46.58000183,21.02000046,4.239999771,1.47E+12,11.80430021,-14945148120,1.96E+11,1194.856295,27,81.20212523,2002,China,135
1271850000,621436557,650413443,13.38,6.43,9,22.29999924,50.00999832,46.27000046,22.29999924,3.799999952,1.34E+12,10.17080455,-19173026755,1.87E+11,1076.549121,28.36,80.19740227,2001,China,136
1262645000,617082063,645562937,14.03,6.45,9,22.5,50.00999832,46,22.79000092,3.25999999,1.21E+12,8.613944109,-14665541196,1.78E+11,992.9433847,29.63,79.84135584,2000,China,137
1252735000,612456939,640278062,14.64,6.46,9,23,50.09999847,45.68000031,23.67000008,3.25,1.09E+12,8.11454912,-14470282000,1.76E+11,913.963448,30.50604898,79.4000084,1999,China,138
1241935000,607370114,634564886,15.64,6.5,9,23.5,49.79999924,45.02999878,24.51000023,3.24000001,1.03E+12,6.84141058,-16643705999,1.77E+11,870.6172223,29.73990148,78.99403588,1998,China,139
1230075000,601754660,628320340,16.57,6.51,9,23.70000076,49.90000153,44.93999863,24.94000053,3.230000019,9.62E+11,8.393689258,-11003670000,1.72E+11,852.7406865,30.18348168,78.93511417,1997,China,140
1217550000,595844663,621705337,16.98,6.56,9,23.5,50.5,45.33000183,24.95000076,3.119999886,8.64E+11,11.32358835,-12437000000,1.67E+11,821.0808591,30.53717546,78.98587561,1996,China,141
1204855000,589847916,615007084,17.12,6.57,9,23,52.20000076,47.13999939,24.52000046,3,7.35E+11,8.87703117,-11774422983,1.44E+11,770.2802412,29.47211139,78.42785838,1995,China,142
1191835000,583693488,608141512,17.7,6.49,9,22.70000076,54.29999924,49.45999908,24.27000046,2.900000095,5.64E+11,8.87703117,-1036000000,1.10E+11,727.1073597,31.24948417,77.04504013,1994,China,143
1178440000,577345024,601094975,18.09,6.64,9,22.39999962,56.40000153,51.77999878,24.02000046,2.690000057,4.45E+11,8.87703117,-922345255.8,85866351836,662.6370456,31.6777918,76.46878729,1993,China,144
1164970000,570952344,594017657,18.27,6.64,9,21.70000076,58.5,53.84999847,23.46999931,2.369999886,4.27E+11,8.87703117,214697142.9,91056260554,604.6936831,32.9312779,75.43198361,1992,China,145
1150780000,564229094,586550906,19.68,6.7,9,21.39999962,59.70000076,54.88000107,23.36000061,2.369999886,3.83E+11,8.87703117,779019512.2,92140201610,548.9537531,33.25847354,74.8319676,1991,China,146
1135185000,556822315,578362685,21.06,6.67,9,25.31821428,43.16678531,39.24071421,24.51000016,3.929642822,3.61E+11,8.87703117,964871128.1,95931579346,510.6198549,34.08361405,75.70916065,1990,China,147
1118650000,548913728,569736272,21.58,6.54,9,25.31821428,43.16678531,39.24071421,24.51000016,3.929642822,3.48E+11,8.87703117,174536012.1,85591114646,487.373173,21.69101243,74.31739395,1989,China,148
1101630000,540705000,560925001,22.37,6.64,9,25.31821428,43.16678531,39.24071421,24.51000016,3.929642822,3.12E+11,8.87703117,-123304135.8,78830830317,461.7975182,21.69101243,74.23521668,1988,China,149
1084035000,532177132,551857867,23.33,6.72,9,25.31821428,43.16678531,39.24071421,24.51000016,3.929642822,2.73E+11,8.87703117,-179428587.4,71848942733,426.5544932,21.69101243,73.23571056,1987,China,150
1066790000,523793161,542996840,22.43,6.86,9,25.31821428,43.16678531,39.24071421,24.51000016,3.929642822,3.01E+11,8.87703117,-23018666.67,80117436064,391.351625,21.69101243,72.22460589,1986,China,151
1051040000,516103160,534936840,21.04,6.78,9,25.31821428,43.16678531,39.24071421,24.51000016,3.929642822,3.09E+11,8.87703117,840056020.4,86453492252,362.8120719,21.69101243,71.56748106,1985,China,152
1036825000,509130952,527694048,19.9,6.82,9,25.31821428,43.16678531,39.24071421,24.51000016,3.929642822,2.60E+11,8.87703117,1274863571,81986338179,336.4116413,21.69101243,71.16390607,1984,China,153
1023310000,502474257,520835742,20.19,6.9,9,25.31821428,43.16678531,39.24071421,24.51000016,3.929642822,2.31E+11,8.87703117,876574942.5,75130342134,317.0202578,21.69101243,69.60648101,1983,China,154
1008630000,495239625,513390374,22.28,6.6,9,25.31821428,43.16678531,39.24071421,24.51000016,3.929642822,2.05E+11,8.87703117,271595419.8,67240100092,299.1979219,21.69101243,68.8731857,1982,China,155
993885000,487970075,505914924,20.91,6.36,9,25.31821428,43.16678531,39.24071421,24.51000016,3.929642822,1.96E+11,8.87703117,-83333333.33,61336696048,285.8177757,21.69101243,68.38124887,1981,China,156
981235000,481713423,499521578,18.21,6.34,9,25.31821428,43.16678531,39.24071421,24.51000016,3.929642822,1.91E+11,8.87703117,-12817029776,56645039529,281.6246873,21.69101243,69.07472949,1980,China,157
969005000,475655113,493349888,17.82,6.21,9,25.31821428,43.16678531,39.24071421,24.51000016,3.929642822,1.78E+11,8.87703117,-12817029776,54737987765,267.3742654,21.69101243,69.65960607,1979,China,158
956165000,469289080,486875919,18.25,6.25,9,25.31821428,43.16678531,39.24071421,24.51000016,3.929642822,1.50E+11,8.87703117,-12817029776,41400982232,246.5557723,21.69101243,69.63723212,1978,China,159
943455000,462982313,480472686,18.93,6.87,9,25.31821428,43.16678531,39.24071421,24.51000016,3.929642822,1.75E+11,8.87703117,-12817029776,50715900528,220.6570531,21.69101243,67.4793439,1977,China,160
930685000,456651788,474033212,19.91,7.25,9,25.31821428,43.16678531,39.24071421,24.51000016,3.929642822,1.54E+11,8.87703117,-12817029776,49814566807,204.0303647,21.69101243,65.07885894,1976,China,161
916395000,449579425,466815575,23.01,7.32,9,25.31821428,43.16678531,39.24071421,24.51000016,3.929642822,1.63E+11,8.87703117,-12817029776,52220668889,199.0397154,21.69101243,64.43581417,1975,China,162
900350000,441653688,458696311,24.82,7.34,9,25.31821428,43.16678531,39.24071421,24.51000016,3.929642822,1.44E+11,8.87703117,-12817029776,48194982664,174.2333537,21.69101243,61.43695949,1974,China,163
881940000,432591471,449348529,27.93,7.04,9,25.31821428,43.16678531,39.24071421,24.51000016,3.929642822,1.39E+11,8.87703117,-12817029776,45616768875,175.933737,21.69101243,61.32466204,1973,China,164
862030000,422812169,439217831,29.77,7.61,9,25.31821428,43.16678531,39.24071421,24.51000016,3.929642822,1.14E+11,8.87703117,-12817029776,36853592268,163.9119288,21.69101243,60.85957398,1972,China,165
841105000,412540476,428564524,30.65,7.32,9,25.31821428,43.16678531,39.24071421,24.51000016,3.929642822,99800958648,8.87703117,-12817029776,33564871232,151.9893473,21.69101243,59.89934276,1971,China,166
818315000,401346258,416968741,33.43,7.6,9,25.31821428,43.16678531,39.24071421,24.51000016,3.929642822,92602973434,8.87703117,-12817029776,32224388659,1080.455213,21.69101243,76.19176385,1970,China,167
796025000,390378367,405646633,34.11,8.03,9,25.31821428,43.16678531,39.24071421,24.51000016,3.929642822,79705906247,8.87703117,-12817029776,29904947599,1080.455213,21.69101243,76.19176385,1969,China,168
774510000,379774515,394735485,35.59,8.21,9,25.31821428,43.16678531,39.24071421,24.51000016,3.929642822,70846535056,8.87703117,-12817029776,29502802827,1080.455213,21.69101243,76.19176385,1968,China,169
754550000,369907738,384642262,33.96,8.43,9,25.31821428,43.16678531,39.24071421,24.51000016,3.929642822,72881631327,8.87703117,-12817029776,29011292550,1080.455213,21.69101243,76.19176385,1967,China,170
735400000,360413808,374986192,35.05,8.83,9,25.31821428,43.16678531,39.24071421,24.51000016,3.929642822,76720285970,8.87703117,-12817029776,28523844342,1080.455213,21.69101243,76.19176385,1966,China,171
715185000,350380356,364804644,37.88,9.5,9,25.31821428,43.16678531,39.24071421,24.51000016,3.929642822,70436266147,8.87703117,-12817029776,26448127386,1080.455213,21.69101243,76.19176385,1965,China,172
698355000,341994742,356360258,39.14,11.5,9,25.31821428,43.16678531,39.24071421,24.51000016,3.929642822,59708343489,8.87703117,-12817029776,22706962385,1080.455213,21.69101243,76.19176385,1964,China,173
682335000,334009147,348325853,43.37,10.04,9,25.31821428,43.16678531,39.24071421,24.51000016,3.929642822,50706799903,8.87703117,-12817029776,20208790316,1080.455213,21.69101243,76.19176385,1963,China,174
665770000,325743240,340026760,37.01,10.02,9,25.31821428,43.16678531,39.24071421,24.51000016,3.929642822,47209359006,8.87703117,-12817029776,18405231944,1080.455213,21.69101243,76.19176385,1962,China,175
660330000,322879907,337450093,18.02,14.24,9,25.31821428,43.16678531,39.24071421,24.51000016,3.929642822,50056868958,8.87703117,-12817029776,17917783735,1080.455213,21.69101243,76.19176385,1961,China,176
667070000,325931004,341138996,20.86,25.43,9,25.31821428,43.16678531,39.24071421,24.51000016,3.929642822,59716467625,8.87703117,-12817029776,13839467057,1080.455213,21.69101243,76.19176385,1960,China,177
126811000,65140618,61670382,7.4,11,9,24.43000031,3.49000001,3.019999981,14.14000034,2.470000029,5.04E+12,-0.66025738,1.93E+11,52615764504,5651.90147,7.22,88.65398467,2018,Japan,178
126972000,65206949,61765051,7.6,10.8,9,24.62999916,3.440000057,2.99000001,14.14999962,2.819999933,4.93E+12,1.817320671,1.82E+11,55641568300,5651.90147,6.92,88.65398467,2017,Japan,179
127076000,65245704,61830297,7.8,10.5,9,24.70000076,3.5,3.049999952,14.21000004,3.130000114,5.00E+12,0.905994112,1.74E+11,56290438047,5651.90147,6.39,88.65398467,2016,Japan,180
127141000,65267090,61873910,8,10.3,9,24.96999931,3.630000114,3.220000029,14.47000027,3.390000105,4.44E+12,4.050868834,1.75E+11,45965919991,5651.90147,6.16,93.02645511,2015,Japan,181
127276000,65324683,61951317,8,10.1,9,25.07999992,3.690000057,3.299999952,14.38000011,3.589999914,4.90E+12,0.429798817,1.82E+11,48803725389,7819.714636,5.58,94.4074689,2014,Japan,182
127445000,65398896,62046104,8.2,10.1,9,25.26000023,3.75,3.390000105,14.35999966,4.039999962,5.21E+12,2.895502246,1.79E+11,55600834051,7988.58331,5.05,94.63330153,2013,Japan,183
127629000,65480007,62148992,8.2,10,9,25.27000046,3.869999886,3.539999962,14.38000011,4.360000134,6.27E+12,1.928922128,1.73E+11,70429476441,7998.346771,4.68,94.62155285,2012,Japan,184
127833000,65569426,62263573,8.3,9.9,9,25.34000015,3.970000029,3.710000038,14.52000046,4.550000191,6.23E+12,-0.892375681,1.81E+11,67334928823,8099.598695,4.82,89.76594207,2011,Japan,185
128070000,65672237,62397763,8.5,9.5,9,25.55999947,4.070000172,3.900000095,14.81000042,5.099999905,5.76E+12,5.091844077,1.53E+11,63826702875,8594.909034,4.66,80.91095442,2010,Japan,186
128047000,65637199,62409801,8.5,9.1,9,26.14999962,4.210000038,4.099999905,15.31000042,5.070000172,5.29E+12,-5.484416137,1.33E+11,57249057124,8020.273806,4.51,81.22805604,2009,Japan,187
128063000,65618491,62444510,8.7,9.1,9,27.19000053,4.25,4.230000019,16.46999931,4,5.11E+12,-4.680034649,1.37E+11,53829594764,8270.007731,4.44,83.21545458,2008,Japan,188
128001000,65557955,62443045,8.63,8.71,9,27.5,4.309999943,4.329999924,16.87000084,3.890000105,4.58E+12,1.072092831,1.40E+11,48241453545,8710.025703,4.29,83.48271492,2007,Japan,189
127854000,65451729,62402271,8.65,8.53,9,27.73999977,4.389999866,4.440000057,17.20000076,4.190000057,4.60E+12,0.44283996,1.23E+11,49812853560,8542.478139,4.43,81.4531167,2006,Japan,190
127773000,65374871,62398129,8.41,8.53,9,27.97999954,4.460000038,4.550000191,17.56999969,4.449999809,4.83E+12,1.207071446,1.07E+11,53708008296,8539.010589,4.02,81.61186176,2005,Japan,191
127761000,65330634,62430367,8.69,8.05,9,28.43000031,4.559999943,4.679999828,18.15999985,4.730000019,4.89E+12,2.449909384,94459900363,60232177682,8393.257723,4.26,82.70647334,2004,Japan,192
127718000,65270637,62447363,9.2,8.4,9,29.14999962,4.639999866,4.820000172,18.94000053,5.25,4.52E+12,1.598443382,73021171620,58710381382,8164.933682,4.19,84.31138174,2003,Japan,193
127445000,65093948,62351052,9.3,8.1,9,29.94000053,4.71999979,4.960000038,19.73999977,5.389999866,4.18E+12,-0.837495862,61046511628,57576482598,8266.099102,3.71,81.83018977,2002,Japan,194
127149000,64907199,62241801,9.3,7.7,9,30.70000076,4.909999847,5.28000021,20.77000046,5.019999981,4.37E+12,0.24866073,68013451944,59824453278,8162.014644,3.5,80.60163834,2001,Japan,195
126843000,64716290,62126711,9.4,7.7,9,31.42000008,5.090000153,5.550000191,21.55999947,4.75,4.97E+12,2.540228146,71875507468,75413745586,8299.409506,3.7,80.67376563,2000,Japan,196
126631000,64573919,62057082,9.3,7.8,9,31.86000061,5.210000038,5.760000229,22.12999916,4.699999809,4.64E+12,-0.954030688,56921096897,73065874908,8147.38887,3.828786576,80.61843812,1999,Japan,197
126400000,64422022,61977978,9.6,7.5,9,32.22000122,5.300000191,5.96999979,22.77000046,4.099999905,4.10E+12,-2.00134185,50613687910,65708569477,8003.955696,4.045356051,79.39872966,1998,Japan,198
126057000,64215271,61841728,9.5,7.3,9,33.25999832,5.369999886,6.019999981,24.25,3.400000095,4.49E+12,-0.085023112,58962285593,68640699425,7991.00407,4.072127493,80.35858715,1997,Japan,199
125757000,64033555,61723445,9.6,7.1,9,33.43000031,5.519999981,6.260000229,24.65999985,3.400000095,4.92E+12,2.313789315,59363425511,81409939961,7835.41274,3.839358437,81.21932811,1996,Japan,200
125472000,63859897,61612103,9.54,7.41,9,33.70000076,5.699999809,6.489999771,25.09000015,3.200000048,5.55E+12,3.237719472,47119060681,91226201260,7693.692617,3.917188521,81.47549791,1995,Japan,201
125178000,63683139,61494860,10,7.1,9,34.18999863,5.809999943,6.579999924,25.81999969,2.900000095,5.00E+12,-0.549133437,41563364049,94582800921,7509.530429,3.567645778,82.68251329,1994,Japan,202
124829000,63480813,61348187,9.6,7.1,9,34.43999863,5.96999979,6.78000021,26.68000031,2.5,4.45E+12,-0.946102538,39645568527,62629666088,7077.361831,4.435606712,82.42967512,1993,Japan,203
124425000,63252136,61172864,9.8,6.9,9,34.77000046,6.420000076,7.289999962,27.44000053,2.200000048,3.91E+12,-0.527682214,33844105824,62629666088,7023.532248,4.197714901,83.95401954,1992,Japan,204
123964000,62995976,60968023,9.9,6.7,9,34.59000015,6.730000019,7.78000021,27.70000076,2.099999905,3.58E+12,1.88646491,25531766423,62629666088,7006.59869,4.730569218,83.88476789,1991,Japan,205
123478000,62728216,60749784,10,6.7,9,29.06785713,4.677857127,4.856785749,19.23392868,3.881785725,3.13E+12,4.578889348,24024725038,62629666088,6808.79185,4.550664024,84.55205339,1990,Japan,206
123069000,62501517,60567483,10.2,6.4,9,29.06785713,4.677857127,4.856785749,19.23392868,3.881785725,3.05E+12,4.498593168,23943133156,62629666088,6239.30478,4.61086268,84.91936201,1989,Japan,207
122578000,62236126,60341874,10.8,6.5,9,29.06785713,4.677857127,4.856785749,19.23392868,3.881785725,3.07E+12,6.821219348,21448018247,62629666088,5906.475877,4.61086268,84.73903951,1988,Japan,208
122069000,61963243,60105757,11.1,6.7,9,29.06785713,4.677857127,4.856785749,19.23392868,3.881785725,2.53E+12,3.409609752,16770201365,62629666088,5640.965356,4.61086268,83.4724417,1987,Japan,209
121482000,61650870,59831130,11.4,6.2,9,29.06785713,4.677857127,4.856785749,19.23392868,3.881785725,2.08E+12,3.430804529,9461796181,62629666088,5328.229697,4.61086268,84.56660031,1986,Japan,210
120837000,61309541,59527459,11.9,6.2,9,29.06785713,4.677857127,4.856785749,19.23392868,3.881785725,1.40E+12,6.466031816,6778437450,62629666088,5324.13913,4.61086268,84.96822914,1985,Japan,211
120083000,60913170,59169830,12.5,6.2,9,29.06785713,4.677857127,4.856785749,19.23392868,3.881785725,1.32E+12,3.500859277,4162553021,62629666088,5182.082393,4.61086268,87.10336968,1984,Japan,212
119307000,60505995,58801004,12.7,6.2,9,29.06785713,4.677857127,4.856785749,19.23392868,3.881785725,1.24E+12,1.856334425,2972906177,62629666088,4958.937866,4.61086268,87.43145523,1983,Japan,213
118480000,60074308,58405692,12.8,6,9,29.06785713,4.677857127,4.856785749,19.23392868,3.881785725,1.13E+12,2.766958514,1679803852,62629666088,4695.391627,4.61086268,88.51455278,1982,Japan,214
117661000,59648209,58012790,13,6.1,9,29.06785713,4.677857127,4.856785749,19.23392868,3.881785725,1.22E+12,2.445695779,-789440988.7,62629666088,4753.852169,4.61086268,90.74452145,1981,Japan,215
116807000,59206049,57600950,13.5,6.1,9,29.06785713,4.677857127,4.856785749,19.23392868,3.881785725,1.11E+12,-0.467662599,794740073.2,62629666088,4716.677939,4.61086268,91.32407256,1980,Japan,216
115890000,58735700,57154300,14.1,5.9,9,29.06785713,4.677857127,4.856785749,19.23392868,3.881785725,1.06E+12,1.666817622,1935207799,62629666088,4861.920787,4.61086268,92.61089091,1979,Japan,217
114913000,58239277,56673723,14.8,6,9,29.06785713,4.677857127,4.856785749,19.23392868,3.881785725,1.01E+12,6.170325108,838384417.2,62629666088,4669.497794,4.61086268,93.39450472,1978,Japan,218
113872000,57714402,56157599,15.4,6,9,29.06785713,4.677857127,4.856785749,19.23392868,3.881785725,7.21E+11,3.961915045,123254314.6,62629666088,4444.420051,4.61086268,95.52269976,1977,Japan,219
112775000,57165192,55609808,16.2,6.2,9,29.06785713,4.677857127,4.856785749,19.23392868,3.881785725,5.86E+11,3.662216118,-65412205.26,62629666088,4310.467746,4.61086268,94.9935628,1976,Japan,220
111573000,56567115,55005885,17,6.2,9,29.06785713,4.677857127,4.856785749,19.23392868,3.881785725,5.22E+11,3.162125493,-63359545.13,62629666088,4041.918744,4.61086268,95.47404891,1975,Japan,221
110162000,55868603,54293397,18.4,6.4,9,29.06785713,4.677857127,4.856785749,19.23392868,3.881785725,4.80E+11,-4.454084033,-340323398.4,62629666088,3967.084839,4.61086268,96.17244178,1974,Japan,222
108707000,55150574,53556426,19.4,6.6,9,29.06785713,4.677857127,4.856785749,19.23392868,3.881785725,4.32E+11,5.754704806,331622967.4,62629666088,4067.364567,4.61086268,97.34559991,1973,Japan,223
107188000,54398884,52789115,19.2,6.4,9,29.06785713,4.677857127,4.856785749,19.23392868,3.881785725,3.18E+11,6.291575466,188032397.4,62629666088,3737.265366,4.61086268,96.57390676,1972,Japan,224
105697000,53660202,52036797,19.1,6.5,9,29.06785713,4.677857127,4.856785749,19.23392868,3.881785725,2.40E+11,3.763307226,-146513761.8,62629666088,3415.688241,4.61086268,96.51399787,1971,Japan,225
103403000,52513428,50889572,18.7,6.9,9,29.06785713,4.677857127,4.856785749,19.23392868,3.881785725,2.13E+11,1.78720444,-272603713.9,62629666088,3251.356344,4.61086268,97.00480674,1970,Japan,226
102219000,51928754,50290247,18.5,6.8,9,29.06785713,4.677857127,4.856785749,19.23392868,3.881785725,1.72E+11,1.78720444,63869887245,62629666088,2889.873703,4.61086268,97.01007706,1969,Japan,227
101011000,51330606,49680393,18.7,6.8,9,29.06785713,4.677857127,4.856785749,19.23392868,3.881785725,1.47E+11,1.78720444,63869887245,62629666088,2514.57762,4.61086268,96.64255952,1968,Japan,228
99879000,50768868,49110132,19.4,6.7,9,29.06785713,4.677857127,4.856785749,19.23392868,3.881785725,1.24E+11,1.78720444,63869887245,62629666088,2272.750028,4.61086268,96.50803224,1967,Japan,229
98851000,50254891,48596109,13.8,6.8,9,29.06785713,4.677857127,4.856785749,19.23392868,3.881785725,1.06E+11,1.78720444,63869887245,62629666088,2003.014638,4.61086268,95.26393589,1966,Japan,230
97952000,49804697,48147303,18.7,7.1,9,29.06785713,4.677857127,4.856785749,19.23392868,3.881785725,90950278258,1.78720444,63869887245,62629666088,1792.714799,4.61086268,95.14102392,1965,Japan,231
96903000,49279989,47623010,17.8,6.9,9,29.06785713,4.677857127,4.856785749,19.23392868,3.881785725,81749006382,1.78720444,63869887245,62629666088,1692.414064,4.61086268,95.20367033,1964,Japan,232
95900000,48778588,47121412,17.4,7,9,29.06785713,4.677857127,4.856785749,19.23392868,3.881785725,69498131797,1.78720444,63869887245,62629666088,1520.333681,4.61086268,94.60904532,1963,Japan,233
94933000,48294311,46638689,17.1,7.5,9,29.06785713,4.677857127,4.856785749,19.23392868,3.881785725,60723018684,1.78720444,63869887245,62629666088,1330.411975,4.61086268,94.42113367,1962,Japan,234
94055000,47855063,46199936,17,7.4,9,29.06785713,4.677857127,4.856785749,19.23392868,3.881785725,53508617739,1.78720444,63869887245,62629666088,1257.774706,4.61086268,93.60324056,1961,Japan,235
93216000,47434416,45781584,17.3,7.6,9,29.06785713,4.677857127,4.856785749,19.23392868,3.881785725,44307342950,1.78720444,63869887245,62629666088,1101.74219,4.61086268,93.77638049,1960,Japan,236
37065084,18659541,18405543,10.1,7.7,10,19.56999969,1.49000001,0.939999998,8.460000038,5.829999924,1.73E+12,0.107327045,-29334899429,29328725610,13266.02012,21.99,78.22858225,2018,Canada,237
36545236,18406915,18138320,10.3,7.5,10,19.53000069,1.519999981,0.959999979,8.479999542,6.340000153,1.65E+12,3.947806731,-20974072081,31171032151,13266.02012,22.47,78.22858225,2017,Canada,238
36109487,18192222,17917265,10.6,7.4,10,19.67000008,1.580000043,0.99000001,8.510000229,7,1.53E+12,-0.211138437,-18668313909,28454713730,13266.02012,22.05,78.22858225,2016,Canada,239
35702908,17988513,17714395,10.7,7.4,10,19.92000008,1.639999986,1.019999981,8.550000191,6.909999847,1.56E+12,-3.530433171,-23844486212,29104161348,13266.02012,22.69,74.08906202,2015,Canada,240
35437435,17855282,17582153,10.8,7.3,10,20.18000031,1.710000038,1.059999943,8.609999657,6.909999847,1.81E+12,1.423772598,-29178622922,28649089979,15588.48715,22.49,73.19287432,2014,Canada,241
35082954,17680037,17402916,10.8,7.2,10,20.32999992,1.779999971,1.080000043,8.729999542,7.070000172,1.85E+12,1.440609647,-28124404589,34978830269,15750.81163,22.44,73.17351572,2013,Canada,242
34714222,17500980,17213242,11,7.1,10,20.45999908,1.75,1.110000014,9,7.289999962,1.83E+12,0.488209557,-32442609375,33118038446,15336.62486,22.17,74.43947915,2012,Canada,243
34339328,17318413,17020916,11,7.1,10,20.29000092,1.789999962,1.100000024,8.979999542,7.510000229,1.79E+12,3.218472292,-33872856855,31664131073,15644.54028,21.84,74.69174698,2011,Canada,244
34004889,17152260,16852629,11.1,7,10,20.14999962,1.809999943,1.110000014,8.539999962,8.06000042,1.62E+12,4.731097397,-31965433370,24150754719,15269.74548,21.88,75.38539269,2010,Canada,245
33628895,16962677,16666218,11.3,7.1,10,20.29000092,1.950000048,1.190000057,8.93999958,8.340000153,1.37E+12,-7.439923591,-23668970344,21305222640,15450.73069,22.5,75.06600051,2009,Canada,246
33247118,16769997,16477121,11.4,7.2,10,21.45999908,1.940000057,1.210000038,9.710000038,6.139999866,1.55E+12,0.099843857,-22817244611,27461105904,16377.4797,21.91,75.07600268,2008,Canada,247
32889025,16588348,16300676,11.2,7.1,10,21.67000008,2,1.309999943,10.21000004,6.039999962,1.47E+12,2.132138925,-21620891910,23312540732,16683.13366,21.84,74.73558379,2007,Canada,248
32571174,16427039,16144134,10.9,7,10,22.11000061,2.109999895,1.389999986,10.46000004,6.320000172,1.32E+12,2.621184119,-20994358251,22440937941,16508.33955,21.92,74.56307191,2006,Canada,249
32243753,16263117,15980635,10.6,7.1,10,22.69000053,2.119999886,1.350000024,10.80000019,6.760000229,1.17E+12,4.47054415,-23986631457,22058095395,16948.27522,21.99,75.74513789,2005,Canada,250
31940655,16112389,15828266,10.6,7.1,10,23.04999924,2.019999981,1.289999962,11.31999969,7.190000057,1.03E+12,3.037081674,-22129131437,22256725596,17264.73674,21.58,75.19713565,2004,Canada,251
31644028,15963984,15680044,10.6,7.1,10,22.96999931,2.109999895,1.320000052,11.32999992,7.570000172,8.96E+11,3.954539869,-22028406252,18386267932,17208.52352,21.18,76.54703877,2003,Canada,252
31360079,15821972,15538106,10.5,7.1,10,23.22999954,2.119999886,1.360000014,11.5,7.659999847,7.61E+11,2.029918917,-19246797935,15118842796,16960.63967,21.77,75.16336686,2002,Canada,253
31020902,15654835,15366067,10.8,7.1,10,23.05999947,2.160000086,1.340000033,11.30000019,7.21999979,7.39E+11,0.176516331,-20807722107,15650826446,16840.19375,21.53,76.15495344,2001,Canada,254
30685730,15492171,15193559,10.7,7.1,10,23.29000092,2.519999981,1.649999976,11.44999981,6.829999924,7.45E+11,5.497734376,-19541445021,15578075550,17037.07228,22.04,76.10257181,2000,Canada,255
30401286,15353410,15047875,11.1,7.2,10,23.12000084,2.809999943,1.940000057,11.48999977,7.579999924,6.78E+11,4.612869921,-22834354176,14899374032,16678.9326,21.70508086,75.63775473,1999,Canada,256
30155173,15229531,14925642,11.4,7.2,10,23.12000084,2.99000001,2.059999943,11.43999958,8.279999733,6.34E+11,1.437617659,-21331311089,13741152679,16435.78699,21.52403671,75.88275618,1998,Canada,257
29905948,15103624,14802324,11.7,7.2,10,23.05999947,3.00999999,2.039999962,11.42000008,9.100000381,6.55E+11,3.756412125,-20318503539,14013433483,16653.67705,21.31115038,74.7361058,1997,Canada,258
29610218,14956383,14653835,12.4,7.2,10,22.75,3.109999895,2.089999914,11.09000015,9.619999886,6.29E+11,0.452225557,-20951961863,23492821748,16607.20634,21.57923752,73.23708495,1996,Canada,259
29302311,14799796,14502515,12.9,7.2,10,22.93000031,3.150000095,2.119999886,11.25,9.489999771,6.04E+11,2.700940219,-20874380647,23492821748,16532.38204,21.92357632,72.52018144,1995,Canada,260
29000663,14643061,14357602,13.3,7.1,10,22.67000008,3.349999905,2.299999952,10.88000011,10.39999962,5.78E+11,3.145239775,-20771821910,23492821748,16388.2805,21.69269302,71.6982666,1994,Canada,261
28684764,14478794,14205971,13.5,7.1,10,22.51000023,3.480000019,2.369999886,10.89999962,11.38000011,5.77E+11,1.420511917,-19681420045,23492821748,16320.1273,21.80305888,72.57768592,1993,Canada,262
28371264,14312897,14058366,14.1,6.9,10,23.18000031,3.450000048,2.289999962,11.64000034,11.19999981,5.92E+11,-1.671792781,-21307189542,23492821748,16164.41904,21.92998463,73.43636302,1992,Canada,263
28037420,14138442,13898978,14.4,7,10,23.87999916,3.49000001,2.390000105,11.81999969,10.31999969,6.10E+11,-2.332064395,-20299380292,23492821748,16181.58875,22.19784052,72.29038202,1991,Canada,264
27691138,13963399,13727739,15,7.3,10,21.82642862,2.319999984,1.51357142,10.2432142,7.869999988,5.94E+11,-2.022572557,-21448405896,23492821748,16167.37456,22.02075369,73.60549156,1990,Canada,265
27276781,13751532,13525249,14.9,7.3,10,21.82642862,2.319999984,1.51357142,10.2432142,7.869999988,5.65E+11,0.834689914,-19502533784,23492821748,16464.03951,21.92991078,75.05195139,1989,Canada,266
26791747,13500396,13291351,14.5,7.3,10,21.82642862,2.319999984,1.51357142,10.2432142,7.869999988,5.07E+11,3.479025573,-16490615097,23492821748,16389.3381,21.92991078,74.02295139,1988,Canada,267
26446601,13321982,13124619,14.4,7.2,10,21.82642862,2.319999984,1.51357142,10.2432142,7.869999988,4.31E+11,1.989729692,-13352187029,23492821748,15798.28727,21.92991078,73.79490756,1987,Canada,268
26100278,13145756,12954522,14.5,7.2,10,21.82642862,2.319999984,1.51357142,10.2432142,7.869999988,3.77E+11,1.790932682,-12754947823,23492821748,15363.39958,21.92991078,73.56401829,1986,Canada,269
25842116,13012495,12829620,14.9,7,10,21.82642862,2.319999984,1.51357142,10.2432142,7.869999988,3.65E+11,3.820606159,-11191504943,23492821748,14857.25859,21.92991078,75.4065927,1985,Canada,270
25607053,12887917,12719137,15,7,10,21.82642862,2.319999984,1.51357142,10.2432142,7.869999988,3.55E+11,4.420329964,-11039301984,23492821748,14343.39203,21.92991078,76.84892407,1984,Canada,271
25366451,12759260,12607190,15,7,10,21.82642862,2.319999984,1.51357142,10.2432142,7.869999988,3.41E+11,1.681951454,-10017851347,23492821748,13457.06579,21.92991078,77.00906144,1983,Canada,272
25116942,12625723,12491219,15.1,7.1,10,21.82642862,2.319999984,1.51357142,10.2432142,7.869999988,3.14E+11,-3.287546891,-10867309719,23492821748,12981.07867,21.92991078,79.06654511,1982,Canada,273
24819915,12468647,12351269,15.3,7,10,21.82642862,2.319999984,1.51357142,10.2432142,7.869999988,3.06E+11,3.749318158,-10259404454,23492821748,13239.40876,21.92991078,79.51384386,1981,Canada,274
24515667,12308181,12207486,15.4,7.1,10,21.82642862,2.319999984,1.51357142,10.2432142,7.869999988,2.74E+11,-0.051027997,-7413179097,23492821748,12803.97551,21.92991078,80.56398301,1980,Canada,275
24201544,12142187,12059357,15.4,7,10,21.82642862,2.319999984,1.51357142,10.2432142,7.869999988,2.43E+11,-1.285698351,-6606815776,23492821748,12422.76113,21.92991078,81.42941615,1979,Canada,276
23963203,12011533,11951670,15.2,7.1,10,21.82642862,2.319999984,1.51357142,10.2432142,7.869999988,2.19E+11,1.647791471,-5417906549,23492821748,12269.0193,21.92991078,81.22728546,1978,Canada,277
23725843,11879181,11846663,15.5,7.1,10,21.82642862,2.319999984,1.51357142,10.2432142,7.869999988,2.12E+11,0.430474028,-4471158439,23492821748,11797.26259,21.92991078,82.51579585,1977,Canada,278
23449808,11727923,11721886,15.6,7.2,10,21.82642862,2.319999984,1.51357142,10.2432142,7.869999988,2.07E+11,4.303328119,-3717961460,23492821748,11075.95423,21.92991078,83.3043131,1976,Canada,279
23143275,11562890,11580385,15.8,7.3,10,21.82642862,2.319999984,1.51357142,10.2432142,7.869999988,1.74E+11,1.038144673,-2638355289,23492821748,10466.58262,21.92991078,84.0544383,1975,Canada,280
22807969,11386049,11421920,15.4,7.4,10,21.82642862,2.319999984,1.51357142,10.2432142,7.869999988,1.60E+11,1.664781495,-2383615542,23492821748,10804.6008,21.92991078,82.20550435,1974,Canada,281
22491777,11220294,11271483,15.6,7.4,10,21.82642862,2.319999984,1.51357142,10.2432142,7.869999988,1.31E+11,5.977839594,-1832449755,23492821748,10241.92086,21.92991078,82.79334872,1973,Canada,282
22218463,11074818,11143645,15.9,7.4,10,21.82642862,2.319999984,1.51357142,10.2432142,7.869999988,1.13E+11,5.37697668,-1508011920,23492821748,9803.558419,21.92991078,84.02431778,1972,Canada,283
21962032,10944078,11017954,16.8,7.3,10,21.82642862,2.319999984,1.51357142,10.2432142,7.869999988,99271961775,1.831687409,-1462006338,23492821748,9166.683666,21.92991078,84.1541543,1971,Canada,284
21324000,10633366,10690634,17.4,7.3,10,21.82642862,2.319999984,1.51357142,10.2432142,7.869999988,87896095320,1.648083824,-1299501388,23492821748,8962.202213,21.92991078,84.66224173,1970,Canada,285
21028000,10486530,10541470,17.6,7.3,10,21.82642862,2.319999984,1.51357142,10.2432142,7.869999988,79148411662,1.648083824,-16924339690,23492821748,8532.908503,21.92991078,85.26079335,1969,Canada,286
20744000,10337254,10406746,17.6,7.4,10,21.82642862,2.319999984,1.51357142,10.2432142,7.869999988,71829810520,1.648083824,-16924339690,23492821748,8030.418434,21.92991078,85.7581427,1968,Canada,287
20412000,10166027,10245973,18.2,7.4,10,21.82642862,2.319999984,1.51357142,10.2432142,7.869999988,65668655501,1.648083824,-16924339690,23492821748,7630.168528,21.92991078,85.79769943,1967,Canada,288
20048000,9978791,10069210,19.3,7.5,10,21.82642862,2.319999984,1.51357142,10.2432142,7.869999988,61088384037,1.648083824,-16924339690,23492821748,7359.088188,21.92991078,85.66560059,1966,Canada,289
19678000,9786254,9891746,21.3,7.6,10,21.82642862,2.319999984,1.51357142,10.2432142,7.869999988,54515179581,1.648083824,-16924339690,23492821748,6909.89938,21.92991078,86.21466225,1965,Canada,290
19325000,9600426,9724573,23.4,7.5,10,21.82642862,2.319999984,1.51357142,10.2432142,7.869999988,49377522897,1.648083824,-16924339690,23492821748,6468.926261,21.92991078,85.42013111,1964,Canada,291
18964000,9409673,9554327,24.6,7.8,10,21.82642862,2.319999984,1.51357142,10.2432142,7.869999988,45029988561,1.648083824,-16924339690,23492821748,5966.04092,21.92991078,85.34441854,1963,Canada,292
18614000,9223459,9390542,25.2,7.7,10,21.82642862,2.319999984,1.51357142,10.2432142,7.869999988,42227447632,1.648083824,-16924339690,23492821748,5791.12496,21.92991078,84.33321619,1962,Canada,293
18271000,9040809,9230191,26,7.7,10,21.82642862,2.319999984,1.51357142,10.2432142,7.869999988,40934952064,1.648083824,-16924339690,23492821748,5605.111926,21.92991078,83.65489981,1961,Canada,294
17909356,8850971,9058385,26.7,7.8,10,21.82642862,2.319999984,1.51357142,10.2432142,7.869999988,40461721693,1.648083824,-16924339690,23492821748,5630.520718,21.92991078,83.19244103,1960,Canada,295
66460344,33662065,32798279,11,9.2,11,18.12999916,1.070000052,0.620000005,7.449999809,4,2.88E+12,0.927873912,-39229883075,16317101948,4908.445553,10.99,91.71115685,2018,Great Britain,296
66058859,33477363,32581496,11.4,9.2,11,18.26000023,1.159999967,0.649999976,7.670000076,4.329999924,2.68E+12,2.018575563,-28893082281,15896986741,4908.445553,9.7,91.71115685,2017,Great Britain,297
65611593,33270675,32340918,11.8,9.1,11,18.46999931,1.129999995,0.629999995,7.610000134,4.809999943,2.70E+12,0.990839431,-63118855915,15477270586,4908.445553,8.6,91.71115685,2016,Great Britain,298
65116219,33041408,32074811,11.9,9.2,11,18.65999985,1.139999986,0.649999976,7.670000076,5.300000191,2.93E+12,2.432154714,-63810692067,18473888201,4908.445553,8.61,80.35177127,2015,Great Britain,299
64602298,32802913,31799385,12,8.8,11,18.96999931,1.25999999,0.709999979,7.940000057,6.110000134,3.07E+12,3.14538018,-54795748845,22840749218,5130.390253,7.36,82.7165785,2014,Great Britain,300
64128273,32584323,31543950,12.1,9,11,18.87000084,1.059999943,0.600000024,7.679999828,7.519999981,2.79E+12,1.275048401,-49434029713,17640605651,5409.626422,6.02,83.5597408,2013,Great Britain,301
63700215,32390769,31309446,12.8,8.9,11,19.06999969,1.190000057,0.689999998,7.650000095,7.880000114,2.71E+12,-0.322068347,-25126096925,17050866981,5449.259473,4.77,85.13981223,2012,Great Britain,302
63258810,32189405,31069406,12.8,8.7,11,19.18000031,1.220000029,0.660000026,7.510000229,8.039999962,2.67E+12,0.210979007,11168953545,18180191633,5471.933475,4.44,85.56318573,2011,Great Britain,303
62766365,31960504,30805860,12.9,8.9,11,19.20999908,1.220000029,0.610000014,7.429999828,7.789999962,2.49E+12,2.458866171,1032171383,14736255206,5700.855864,3.67,88.16810568,2010,Great Britain,304
62276270,31732553,30543717,12.7,9,11,19.61000061,1.110000014,0.550000012,7.690000057,7.539999962,2.42E+12,-4.58983765,-20345848263,16320299112,5643.128595,3.38,87.36773537,2009,Great Britain,305
61806995,31516343,30290652,12.9,9.4,11,22,1.080000043,0.730000019,9.409999847,5.619999886,2.93E+12,-3.462006441,-38779411765,19716911765,6015.726861,2.79,90.17869547,2008,Great Britain,306
61322463,31293296,30029168,12.6,9.4,11,22.19000053,1.370000005,0.75,9.430000305,5.260000229,3.09E+12,1.052843355,-28387354942,17388955582,6102.396768,1.84,89.61975501,2007,Great Britain,307
60846820,31072904,29773916,12.3,9.4,11,22.05999947,1.350000024,0.670000017,9.420000076,5.349999905,2.71E+12,-0.185962047,-10791168353,15492180313,6200.554113,1.55,88.6059099,2006,Great Britain,308
60401206,30867389,29533818,12,9.6,11,22.21999931,1.379999995,0.730000019,9.380000114,4.75,2.54E+12,2.428759899,26227272727,13887272727,6270.984059,1.35,88.15744775,2005,Great Britain,309
59987905,30678379,29309526,11.9,9.7,11,22.29999924,1.279999971,0.600000024,9.529999733,4.590000153,2.42E+12,2.46426258,19761991944,17678506042,6138.754137,1.14,88.61973186,2004,Great Britain,310
59647577,30526615,29120962,11.7,10.2,11,23.34000015,1.25,0.579999983,10.23999977,4.809999943,2.06E+12,2.904968123,23355102041,17472653061,6174.550896,0.93,88.82498255,2003,Great Britain,311
59370479,30406325,28964154,11.3,10.2,11,23.90999985,1.389999986,0.689999998,10.81000042,5.039999962,1.79E+12,2.775045836,20526079137,15938249400,6142.749834,0.97,88.53442838,2002,Great Britain,312
59119673,30296779,28822894,11.3,10.2,11,24.63999939,1.389999986,0.680000007,11.36999989,4.699999809,1.65E+12,2.092716463,8782208147,12563696560,6141.982551,0.85,87.82897536,2001,Great Britain,313
58892514,30197282,28695232,11.5,10.3,11,25.17000008,1.539999962,0.769999981,11.94999981,5.559999943,1.67E+12,3.47159934,4451505523,13658647299,6114.529259,0.96,88.41036373,2000,Great Britain,314
58682466,30105897,28576570,11.9,10.8,11,25.80999947,1.549999952,0.75999999,12.56000042,6.039999962,1.69E+12,1.57889191,-5879307555,14266299951,6007.484416,0.948917657,87.23515523,1999,Great Britain,315
58487141,30020559,28466582,12.3,10.8,11,26.67000008,1.720000029,0.920000017,13.10999966,6.199999809,1.66E+12,6.045797166,5800412388,15498509440,5908.87149,1.029704324,86.77063541,1998,Great Britain,316
58316954,29946015,28370938,12.5,10.8,11,26.86000061,1.850000024,1.059999943,13.27999973,7.070000172,1.56E+12,7.398015157,-3223726261,14629993451,5831.957547,1.028479689,86.71951891,1997,Great Britain,317
58166950,29879838,28287113,12.6,10.9,11,27.42000008,1.950000048,1.159999967,13.96000004,8.18999958,1.42E+12,3.712068728,-4964773791,15076443058,5815.828404,0.943586897,87.56976162,1996,Great Britain,318
58019030,29811848,28207182,12.6,11.1,11,27.42000008,2.049999952,1.230000019,14.09000015,8.68999958,1.35E+12,0.627627017,-5529940035,16400504971,5575.808489,1.060229099,87.71102814,1995,Great Britain,319
57865745,29738839,28126906,13,10.8,11,27.78000069,2.079999924,1.159999967,14.31000042,9.649999619,1.14E+12,5.526771995,-2109951025,14575603000,5380.264265,1.021428484,87.79003822,1994,Great Britain,320
57718614,29668038,28050576,13.2,11.4,11,29.38999939,2.049999952,1.080000043,15.81000042,10.35000038,1.06E+12,3.846871328,-6020373425,13121546191,5491.989118,0.775204971,87.79016543,1993,Great Britain,321
57580402,29600247,27980155,13.6,11,11,29.86000061,2.109999895,1.139999986,16.12999916,9.770000458,1.18E+12,2.271589162,-5432537733,14455210600,5452.393333,0.840737796,89.21274479,1992,Great Britain,322
57424897,29521874,27903023,13.8,11.3,11,30.42000008,2.160000086,1.190000057,16.44000053,8.550000191,1.14E+12,-0.690631632,-8827185185,14119730159,5451.677171,0.608264131,90.1991746,1991,Great Britain,323
57247586,29430816,27816770,13.9,11.2,11,23.13892848,1.468214282,0.795357144,10.62607145,6.553928563,1.09E+12,1.17793625,-9331892756,13768473011,5356.57521,0.651133978,90.65258583,1990,Great Britain,324
57076711,29342658,27734053,13.6,11.5,11,23.13892848,1.468214282,0.795357144,10.62607145,6.553928563,9.27E+11,1.61182331,-5880935864,15953227650,5295.224527,3.063023691,89.92769081,1989,Great Britain,325
56928327,29265403,27662925,13.8,11.4,11,23.13892848,1.468214282,0.795357144,10.62607145,6.553928563,9.10E+11,5.30710489,-4294155105,15953227650,5232.737649,3.063023691,91.28950432,1988,Great Britain,326
56802050,29197428,27604622,13.7,11.3,11,23.13892848,1.468214282,0.795357144,10.62607145,6.553928563,7.45E+11,4.076142218,-4111642425,15953227650,5082.439806,3.063023691,92.3375625,1987,Great Britain,327
56681396,29131292,27550103,13.3,11.7,11,23.13892848,1.468214282,0.795357144,10.62607145,6.553928563,6.01E+11,5.095794783,-2491487833,15953227650,4953.653576,3.063023691,92.06996551,1986,Great Britain,328
56550268,29059522,27490745,13.3,11.9,11,23.13892848,1.468214282,0.795357144,10.62607145,6.553928563,4.89E+11,2.344622709,-3672693789,15953227650,4826.714526,3.063023691,91.89555163,1985,Great Britain,329
56422072,28988606,27433466,12.9,11.4,11,23.13892848,1.468214282,0.795357144,10.62607145,6.553928563,4.61E+11,2.032671168,-1882745411,15953227650,4597.739693,3.063023691,92.42253227,1984,Great Britain,330
56332848,28937208,27395640,12.8,11.7,11,23.13892848,1.468214282,0.795357144,10.62607145,6.553928563,4.90E+11,3.886825182,-2664373200,15953227650,4549.175288,3.063023691,92.95642334,1983,Great Britain,331
56313641,28923024,27390617,12.8,11.8,11,23.13892848,1.468214282,0.795357144,10.62607145,6.553928563,5.15E+11,2.122451605,-4705258560,15953227650,4480.335413,3.063023691,93.80622994,1982,Great Britain,332
56333829,28930335,27403494,13,11.7,11,23.13892848,1.468214282,0.795357144,10.62607145,6.553928563,5.41E+11,-1.357919893,-4290576768,15953227650,4572.953846,3.063023691,94.66282545,1981,Great Britain,333
56314216,28918046,27396170,13.4,11.7,11,23.13892848,1.468214282,0.795357144,10.62607145,6.553928563,5.65E+11,-1.539552914,-4884643272,15953227650,4683.932739,3.063023691,94.96889209,1980,Great Britain,334
56246951,28883344,27363607,13.1,12,11,23.13892848,1.468214282,0.795357144,10.62607145,6.553928563,4.39E+11,1.230215549,-2504987294,15953227650,4922.915733,3.063023691,95.23246879,1979,Great Britain,335
56196504,28859166,27337338,12.2,11.9,11,23.13892848,1.468214282,0.795357144,10.62607145,6.553928563,3.36E+11,5.018556137,-1092496644,15953227650,4729.849387,3.063023691,95.14016044,1978,Great Britain,336
56193492,28860651,27332841,11.7,11.7,11,23.13892848,1.468214282,0.795357144,10.62607145,6.553928563,2.63E+11,0.449188692,-1252300715,15953227650,4668.423169,3.063023691,94.81714574,1977,Great Britain,337
56211968,28875455,27336512,12,12.1,11,23.13892848,1.468214282,0.795357144,10.62607145,6.553928563,2.33E+11,1.462651728,320988319.9,15953227650,4587.688515,3.063023691,95.21395111,1976,Great Britain,338
56225800,28889090,27336711,12.4,11.8,11,23.13892848,1.468214282,0.795357144,10.62607145,6.553928563,2.42E+11,1.237956669,142763274.3,15953227650,4492.421629,3.063023691,95.86926243,1975,Great Britain,339
56229974,28898904,27331069,13.1,11.9,11,23.13892848,1.468214282,0.795357144,10.62607145,6.553928563,2.06E+11,-5.688875038,906089294.1,15953227650,4534.254275,3.063023691,95.65984102,1974,Great Britain,340
56194527,28890515,27304012,13.9,11.9,11,23.13892848,1.468214282,0.795357144,10.62607145,6.553928563,1.93E+11,3.973383828,843324350.8,15953227650,4671.718297,3.063023691,96.49958891,1973,Great Britain,341
56086065,28845477,27240589,14.9,12,11,23.13892848,1.468214282,0.795357144,10.62607145,6.553928563,1.70E+11,3.019482341,289592907.1,15953227650,4372.636946,3.063023691,96.19949134,1972,Great Britain,342
55896223,28759083,27137139,16.1,11.5,11,23.13892848,1.468214282,0.795357144,10.62607145,6.553928563,1.48E+11,1.053688961,453217327.8,15953227650,4254.652412,3.063023691,96.41644847,1971,Great Britain,343
55663250,28650499,27012750,16.2,11.8,11,23.13892848,1.468214282,0.795357144,10.62607145,6.553928563,1.31E+11,1.85252474,515553155.7,15953227650,4166.932402,3.063023691,96.48387396,1970,Great Britain,344
55441750,28546014,26895736,16.6,11.9,11,23.13892848,1.468214282,0.795357144,10.62607145,6.553928563,1.16E+11,1.85252474,-8024141456,15953227650,4006.330969,3.063023691,95.98615961,1969,Great Britain,345
55211700,28437297,26774403,17.2,11.9,11,23.13892848,1.468214282,0.795357144,10.62607145,6.553928563,1.08E+11,1.85252474,-8024141456,15953227650,3762.590176,3.063023691,96.17444742,1968,Great Britain,346
54943600,28310001,26633598,17.5,11.2,11,23.13892848,1.468214282,0.795357144,10.62607145,6.553928563,1.13E+11,1.85252474,-8024141456,15953227650,3506.887062,3.063023691,96.4875454,1967,Great Britain,347
54648500,28168529,26479971,17.9,11.8,11,23.13892848,1.468214282,0.795357144,10.62607145,6.553928563,1.09E+11,1.85252474,-8024141456,15953227650,3425.803087,3.063023691,96.8766933,1966,Great Britain,348
54348050,28024396,26323655,18.3,11.6,11,23.13892848,1.468214282,0.795357144,10.62607145,6.553928563,1.02E+11,1.85252474,-8024141456,15953227650,3330.18388,3.063023691,97.61702311,1965,Great Britain,349
54000000,27856762,26143238,18.8,11.3,11,23.13892848,1.468214282,0.795357144,10.62607145,6.553928563,94407558351,1.85252474,-8024141456,15953227650,3127.462963,3.063023691,98.60649719,1964,Great Britain,350
53650000,27689292,25960708,18.5,12.2,11,23.13892848,1.468214282,0.795357144,10.62607145,6.553928563,86561961812,1.85252474,-8024141456,15953227650,3002.087605,3.063023691,98.86813184,1963,Great Britain,351
53250000,27496932,25753068,18.3,11.9,11,23.13892848,1.468214282,0.795357144,10.62607145,6.553928563,81247564157,1.85252474,-8024141456,15953227650,2780.657277,3.063023691,99.20776193,1962,Great Britain,352
52800000,27280397,25519603,17.9,12,11,23.13892848,1.468214282,0.795357144,10.62607145,6.553928563,77741965703,1.85252474,-8024141456,15953227650,2553.693182,3.063023691,99.36837578,1961,Great Britain,353
52400000,27090467,25309533,17.5,11.5,11,23.13892848,1.468214282,0.795357144,10.62607145,6.553928563,73233967692,1.85252474,-8024141456,15953227650,2412.137405,3.063023691,99.4647102,1960,Great Britain,354
57339635,29517286,27822349,21.137,8.765,9,23.12999916,5.159999847,3.880000114,11.61999989,24.21999931,4.04E+11,-0.146706852,-11288811310,9158617157,3852.709788,10.19,87.40752773,2018,South Africa,355
56641209,29175940,27465269,20.643,8.802,9,23.34000015,5.28000021,3.769999981,12.21000004,23.98999977,3.81E+11,2.347842464,-10575832463,9512565346,3852.709788,10.45,87.40752773,2017,South Africa,356
56422274,29004108,27418165,20.25,8.924,9,23.32999992,5.570000172,3.880000114,11.90999985,24.02000046,3.24E+11,-1.373576174,-8291430980,7811956312,3852.709788,10.53,87.40752773,2016,South Africa,357
55876504,28721087,27155417,21.3,9.259,9,23.82999992,5.610000134,4.230000019,11.72999954,22.87000084,3.47E+11,1.273790716,-7943171747,7745421796,3852.709788,10.28,87.40752773,2015,South Africa,358
54729551,28228865,26500685,22.057,9.432,9,23.42000008,4.650000095,3.200000048,12.02999973,22.61000061,3.81E+11,0.08352653,-9453635056,8103329442,4183.82749,9.85,86.79143169,2014,South Africa,359
53873616,27837495,26036121,22.177,9.77,9,23.51000023,4.980000019,3.49000001,12.39999962,22.04000092,4.01E+11,0.055275936,-9691301735,7724469130,4270.810409,9.77,86.57530458,2013,South Africa,360
53145033,27493643,25651390,22.353,9.993,9,23.44000053,4.829999924,3.589999914,12.25,21.79000092,4.34E+11,0.479363063,-10883811009,8586837257,4340.367989,10.6,87.15523381,2012,South Africa,361
52443325,27164417,25278908,22.282,10.592,9,24.17000008,4.599999905,3.450000048,12.93999958,21.42000008,4.58E+11,1.36071952,-10719863382,9365149068,4528.050043,11.36,87.03964201,2011,South Africa,362
51784921,26857414,24927507,22.274,11.257,9,24.39999962,4.849999905,3.769999981,13.01000023,23.18000031,4.17E+11,2.30000529,-8131317270,8797168893,4492.77503,11.77,87.46124141,2010,South Africa,363
51170779,26570865,24599914,22.664,11.947,9,25.25,5.050000191,3.619999886,13.10000038,20.51000023,3.30E+11,3.541489101,-6627447278,7912411662,4368.117984,10.97,87.67566973,2009,South Africa,364
50565812,26287724,24278088,24.08,12.543,9,25.77000046,5.570000172,4.119999886,13.10000038,19.51000023,3.16E+11,-4.329075164,-8942405462,8132463758,4592.628711,11.55,88.14866881,2008,South Africa,365
49996094,26023987,23972107,22.629,12.973,9,25.88999939,6.010000229,4.460000038,13.09000015,19.54299927,3.33E+11,2.178835627,-9767791751,7846971471,4766.652371,10.36,87.71745546,2007,South Africa,366
49491756,25795511,23696246,22.455,13.234,9,26.04000092,6.5,4.909999847,13.27000046,19.63500023,3.04E+11,5.470692069,-5135494351,6232115159,4626.305844,10.74,87.11379816,2006,South Africa,367
49017147,25583854,23433293,21.913,13.177,9,26.25,7.019999981,5.389999866,13.60999966,19.74399948,2.89E+11,6.135906221,-4941581621,6023248832,4529.414982,10.98,87.15671805,2005,South Africa,368
48556071,25379489,23176582,21.261,12.947,9,26.42000008,7.570000172,5.889999866,13.92000008,19.86599922,2.56E+11,3.226453252,-4311345728,6169329752,4470.378174,12.29,86.99483553,2004,South Africa,369
48104048,25178665,22925383,20.473,12.657,9,26.60000038,8.140000343,6.409999847,14.14999962,20.01499939,1.97E+11,4.910551765,-4609435933,5228872936,4428.504645,13.05,86.02328015,2003,South Africa,370
47661514,24979734,22681781,20.04,11.784,9,26.77000046,8.710000038,6.900000095,14.31000042,20.08799934,1.29E+11,6.283984809,-2789188574,3817099699,4385.278235,13.88,84.89834277,2002,South Africa,371
47229714,24781908,22447806,20.392,10.871,9,26.98999977,9.319999695,7.639999866,14.71000004,20.21699905,1.35E+11,1.189428414,-3737397203,3808892278,4151.052026,15.62,85.6780845,2001,South Africa,372
46813266,24591889,22221377,20.705,10.174,9,27.25,9.930000305,8.300000191,14.96000004,20.26600075,1.52E+11,4.694177671,-3173578489,3967968184,4399.393967,16.25,84.24342648,2000,South Africa,373
46364681,24387653,21977029,21.848,9.738,9,27.32999992,10.27999973,8.630000114,15.17000008,20.41900063,1.52E+11,-0.214203249,-3208282183,4312766118,4275.582097,18.22132003,84.65273181,1999,South Africa,374
45852166,24148681,21703485,22.41,9.335,9,27.48999977,10.53999996,8.880000114,15.40999985,20.57299995,1.53E+11,-0.392512358,-3163359441,4641766366,4388.887539,17.27249004,84.45705296,1998,South Africa,375
45285048,23879335,21405714,23.29,8.949,9,27.62000084,10.73999977,9.079999924,15.56999969,20.59499931,1.69E+11,1.827426123,-3221354167,5518601259,4574.026288,17.10719134,84.90715771,1997,South Africa,376
44661603,23507455,21154148,25.214,8.691,9,27.76000023,10.94999981,9.25,15.72999954,20.62700081,1.63E+11,2.288026846,-3112134534,5577128835,4450.892638,17.4377706,84.99355588,1996,South Africa,377
43986084,23025116,20960968,26.457,8.382,9,27.94000053,11.13000011,9.43999958,15.93000031,20.75,1.72E+11,3.583015966,-2874748422,5360861404,3916.511413,18.11307968,86.30137004,1995,South Africa,378
43267982,22522796,20745186,27.065,8.231,9,28.09000015,11.27000046,9.520000458,16.07999992,20.82799911,1.54E+11,0.286280491,-2421707784,5765086966,3814.229191,18.56288156,86.15283213,1994,South Africa,379
42525440,22006067,20519374,27.866,8.052,9,28.23999977,11.39000034,9.649999619,16.22999954,20.97100067,1.47E+11,13.82470508,-2662423111,5037914833,3749.70841,18.58595006,86.6501108,1993,South Africa,380
41760755,21471959,20288796,28.723,7.944,9,28.39999962,11.47999954,9.760000229,16.39999962,21.1590004,1.47E+11,0.052642825,-2945652174,4627980365,3701.465646,18.36321702,85.15415756,1992,South Africa,381
40910959,20972094,19938864,30.127,8.017,9,28.54999924,11.51000023,9.779999733,16.52000046,21.19400024,1.35E+11,0.303048335,-3208271466,5061384131,3806.168416,17.46611882,86.27079087,1991,South Africa,382
39877570,20454959,19422611,31.146,8.031,9,25.9721429,7.808571475,6.246071407,13.97714281,21.16607148,1.26E+11,-3.094781067,-4267348625,4760909371,3911.672652,16.62782171,86.15600715,1990,South Africa,383
38668684,19858547,18810138,33.297,8.162,9,25.9721429,7.808571475,6.246071407,13.97714281,21.16607148,1.08E+11,-0.173911034,-3369457358,4753539084,3968.818799,13.73268417,85.75874843,1989,South Africa,384
37393853,19231343,18162510,34.899,8.235,9,25.9721429,7.808571475,6.246071407,13.97714281,21.16607148,1.04E+11,0.253041203,-3172246799,4957625301,3994.239374,13.73268417,87.16735249,1988,South Africa,385
36119333,18604223,17515110,36.225,8.439,9,25.9721429,7.808571475,6.246071407,13.97714281,21.16607148,96535747615,2.921570274,-3116844845,4466036902,3964.552723,13.73268417,88.55550626,1987,South Africa,386
34877834,17993069,16884765,36.482,8.517,9,25.9721429,7.808571475,6.246071407,13.97714281,21.16607148,73354782109,-4.856263804,-2945692219,3022277591,4039.069628,13.73268417,88.04374173,1986,South Africa,387
33752964,17243333,16509631,35.73,8.715,9,25.9721429,7.808571475,6.246071407,13.97714281,21.16607148,64459376104,-8.844539222,-2570585663,2762628020,3986.760985,13.73268417,88.77537664,1985,South Africa,388
32768207,16431317,16336890,35.231,8.902,9,25.9721429,7.808571475,6.246071407,13.97714281,21.16607148,84870134619,5.934250308,-2993335153,3358690145,3920.873669,13.73268417,89.34912924,1984,South Africa,389
31865176,15739461,16125715,34.604,9.075,9,25.9721429,7.808571475,6.246071407,13.97714281,21.16607148,96204110959,-0.977155637,-3356969752,3514944799,3685.904638,13.73268417,90.2656956,1983,South Africa,390
31022417,15130329,15892088,34.366,9.298,9,25.9721429,7.808571475,6.246071407,13.97714281,21.16607148,85904070614,-2.508976136,-3127602211,4039359039,3644.815941,13.73268417,90.50629182,1982,South Africa,391
30232561,14600980,15631582,33.886,9.539,9,25.9721429,7.808571475,6.246071407,13.97714281,21.16607148,93141478235,-1.972933645,-3579165186,5059373902,3569.429662,13.73268417,89.88170228,1981,South Africa,392
29463549,14186385,15277164,34.29,9.81,9,25.9721429,7.808571475,6.246071407,13.97714281,21.16607148,89411894561,7.045163937,-3325485114,4742989194,3410.960438,13.73268417,89.02954741,1980,South Africa,393
28697014,13862168,14834845,34.541,10.011,9,25.9721429,7.808571475,6.246071407,13.97714281,21.16607148,63038687893,0.636965969,-2339604656,3153122011,3228.558902,13.73268417,88.73553321,1979,South Africa,394
27943445,13549026,14394419,34.776,10.223,9,25.9721429,7.808571475,6.246071407,13.97714281,21.16607148,51607399958,2.158097645,-1952699998,2880749998,3018.131802,13.73268417,89.06793066,1978,South Africa,395
27199838,13245666,13954172,35.375,10.494,9,25.9721429,7.808571475,6.246071407,13.97714281,21.16607148,45328399963,-2.99058603,-1737649999,2638099998,2880.605392,13.73268417,89.02464697,1977,South Africa,396
26480300,12931705,13548594,36.175,10.782,9,25.9721429,7.808571475,6.246071407,13.97714281,21.16607148,41150449966,-4.296609228,-1501899999,2288499998,2815.300431,13.73268417,89.22440371,1976,South Africa,397
25777964,12610329,13167635,36.95,11.075,9,25.9721429,7.808571475,6.246071407,13.97714281,21.16607148,42906919870,-8.467988457,-1538861482,2713967481,2687.023692,13.73268417,88.77912328,1975,South Africa,398
25077016,12297952,12779064,37.58,11.318,9,25.9721429,7.808571475,6.246071407,13.97714281,21.16607148,41389185875,3.127517403,-1249490410,2968459549,2574.548742,13.73268417,89.1592604,1974,South Africa,399
24382513,11991274,12391239,38.296,11.563,9,25.9721429,7.808571475,6.246071407,13.97714281,21.16607148,33262767311,10.79771285,-925126569.9,1969856731,2455.448296,13.73268417,89.42289398,1973,South Africa,400
23698507,11690167,12008340,38.744,11.827,9,25.9721429,7.808571475,6.246071407,13.97714281,21.16607148,24515911652,1.27378044,-702461651.9,1508991697,2347.194277,13.73268417,89.17889814,1972,South Africa,401
23031441,11392269,11639172,39.195,12.018,9,25.9721429,7.808571475,6.246071407,13.97714281,21.16607148,23411079378,1.217137661,-655745116.4,1459697018,2204.291082,13.73268417,89.63653785,1971,South Africa,402
22368306,11070685,11297621,39.376,12.242,9,25.9721429,7.808571475,6.246071407,13.97714281,21.16607148,21218391522,1.217137661,-663599734.8,1219399513,3852.709788,13.73268417,87.40752773,1970,South Africa,403
21704214,10725797,10978417,39.665,12.474,9,25.9721429,7.808571475,6.246071407,13.97714281,21.16607148,19256992305,1.217137661,-599199760.6,1283799487,3852.709788,13.73268417,87.40752773,1969,South Africa,404
21050540,10385268,10665272,39.778,12.665,9,25.9721429,7.808571475,6.246071407,13.97714281,21.16607148,17124793157,1.217137661,-516599793.6,1222199512,3852.709788,13.73268417,87.40752773,1968,South Africa,405
20410677,10051232,10359445,39.947,12.822,9,25.9721429,7.808571475,6.246071407,13.97714281,21.16607148,15821393678,1.217137661,-449399820.4,1343999463,3852.709788,13.73268417,87.40752773,1967,South Africa,406
19789771,9726980,10062791,39.972,12.967,9,25.9721429,7.808571475,6.246071407,13.97714281,21.16607148,14211394321,1.217137661,-433999826.6,1094799563,3852.709788,13.73268417,87.40752773,1966,South Africa,407
19187194,9412255,9774939,40.014,13.097,9,25.9721429,7.808571475,6.246071407,13.97714281,21.16607148,13068994778,1.217137661,-415799833.9,971599611.8,3852.709788,13.73268417,87.40752773,1965,South Africa,408
18603097,9107018,9496079,40.072,13.275,9,25.9721429,7.808571475,6.246071407,13.97714281,21.16607148,11955995223,1.217137661,-375199850.1,914199634.7,3852.709788,13.73268417,87.40752773,1964,South Africa,409
18042215,8813888,9228327,40.028,13.446,9,25.9721429,7.808571475,6.246071407,13.97714281,21.16607148,10854195663,1.217137661,-323399870.8,958999616.8,3852.709788,13.73268417,87.40752773,1963,South Africa,410
17503133,8532023,8971110,39.963,13.617,9,25.9721429,7.808571475,6.246071407,13.97714281,21.16607148,9813996079,1.217137661,-323399870.8,879199648.7,3852.709788,13.73268417,87.40752773,1962,South Africa,411
16989464,8263745,8725719,39.911,13.81,9,25.9721429,7.808571475,6.246071407,13.97714281,21.16607148,9225996313,1.217137661,-372399851.2,859599656.5,3852.709788,13.73268417,87.40752773,1961,South Africa,412
16520441,8017980,8502461,39.52,14.073,9,25.9721429,7.808571475,6.246071407,13.97714281,21.16607148,8748596504,1.217137661,-330399868,790999683.9,3852.709788,13.73268417,87.40752773,1960,South Africa,413
